{
  "Retailer_enc": {
    "mean": 2.608569353667393,
    "std": 1.7268353064179283,
    "min": 0.0,
    "max": 5.0
  },
  "Region_enc": {
    "mean": 2.0003112356053534,
    "std": 1.4711375181300217,
    "min": 0.0,
    "max": 4.0
  },
  "State_enc": {
    "mean": 24.22564581388111,
    "std": 14.741573471517391,
    "min": 0.0,
    "max": 49.0
  },
  "City_enc": {
    "mean": 25.76864820002075,
    "std": 14.885800620898243,
    "min": 0.0,
    "max": 51.0
  },
  "Product_enc": {
    "mean": 2.5001556178026765,
    "std": 1.7071845596863355,
    "min": 0.0,
    "max": 5.0
  },
  "Price per Unit": {
    "mean": 45.212158937649136,
    "std": 14.70500948311057,
    "min": 7.0,
    "max": 110.0
  },
  "Units Sold": {
    "mean": 256.69270671231453,
    "std": 214.03968874556557,
    "min": 0.0,
    "max": 1275.0
  },
  "Total Sales": {
    "mean": 9311.035065878203,
    "std": 14177.614532894588,
    "min": 0.0,
    "max": 82500.0
  },
  "Operating Profit": {
    "mean": 3437.782342566656,
    "std": 5416.6910937203,
    "min": 0.0,
    "max": 39000.0
  },
  "Profit_Margin": {
    "mean": 42.30252932018682,
    "std": 9.717305092161537,
    "min": 10.0,
    "max": 80.0
  },
  "Revenue_Per_Unit": {
    "mean": 22.16188998443176,
    "std": 23.799885430619774,
    "min": 0.7,
    "max": 110.0
  },
  "Month": {
    "mean": 6.458553791887125,
    "std": 3.4550021815752383,
    "min": 1.0,
    "max": 12.0
  },
  "DayOfWeek": {
    "mean": 3.0361033302209774,
    "std": 1.9863467370352428,
    "min": 0.0,
    "max": 6.0
  },
  "Quarter": {
    "mean": 2.492270982467061,
    "std": 1.1166259517413528,
    "min": 1.0,
    "max": 4.0
  },
  "IsWeekend": {
    "mean": 0.2898640937856624,
    "std": 0.45372266677839856,
    "min": 0.0,
    "max": 1.0
  }
}