{
  "stage": "evaluation",
  "timestamp": "2026-06-21T00:46:57.458500",
  "model_version": "v1",
  "metrics": {
    "accuracy": 0.9647,
    "precision_weighted": 0.9651,
    "recall_weighted": 0.9647,
    "f1_weighted": 0.9648
  },
  "per_class": {
    "In-store": {
      "precision": 0.98005698005698,
      "recall": 0.9885057471264368,
      "f1-score": 0.9842632331902719,
      "support": 348.0
    },
    "Online": {
      "precision": 0.978125,
      "recall": 0.9601226993865031,
      "f1-score": 0.9690402476780186,
      "support": 978.0
    },
    "Outlet": {
      "precision": 0.9351701782820098,
      "recall": 0.9584717607973422,
      "f1-score": 0.9466776045939295,
      "support": 602.0
    },
    "accuracy": 0.9647302904564315,
    "macro avg": {
      "precision": 0.96445071944633,
      "recall": 0.9690334024367607,
      "f1-score": 0.96666036182074,
      "support": 1928.0
    },
    "weighted avg": {
      "precision": 0.9650614763410784,
      "recall": 0.9647302904564315,
      "f1-score": 0.9648054384568788,
      "support": 1928.0
    }
  },
  "confusion_matrix": [
    [
      344,
      0,
      4
    ],
    [
      3,
      939,
      36
    ],
    [
      4,
      21,
      577
    ]
  ],
  "class_names": [
    "In-store",
    "Online",
    "Outlet"
  ],
  "quality_gate": {
    "min_accuracy": 0.8,
    "min_f1_score": 0.75,
    "accuracy_passed": true,
    "f1_passed": true,
    "overall": "PASSED"
  },
  "status": "PASSED"
}